,0
0,1 Million Email Subscriber Playbook
1,"1000+ Fill-in-The-Blanks, Time-Tested Marketing Templates & Checklists"
2,11Sight
3,12min - Book Summaries
4,14-Day Action Plan: Launch Your Online Course and Get Students Who Pay
5,1Brand
6,365-Days Social Media Content Calendar (2022) + 226 Canva Templates
7,3iHost - NVMe 20X Faster Web Hosting
8,43 Fonts Bundle
9,61 Questions to Ask Before Choosing a Publisher
10,8Designers - Ads Generator
11,Abowire
12,Active Webinar
13,Ad World Masters
14,"Advanced React (Render Performance, Best Practices, Advanced Patterns, React Core & More)"
15,Affiliate Funnels Guide
16,AfterClick Heatmaps & Session Replays
17,Agiled
18,Aicoosoft Video Converter
19,AiHello AutoPilot
20,aikontent
21,AISEO.ai
22,Alugha AppSumo Starter Plan
23,AMZ Image
24,Analyzz - Heatmaps & Session Recordings
25,Anywhere
26,Apipheny
27,APOC - Solution Selection Matrix
28,AppGain
29,Audiit.io SEO Competition Analysis Tool
30,Audio Buzz
31,Augmented Reality and Interactive 3D Models
32,Authentic for Influencers
33,Auto-Textwriter
34,Awakened Mind: Employee Mindfulness & Mental Wellbeing App
35,B2B LinkedIn Sales Framework
36,Backlink Repository
37,BackupGuard WordPress Plugin
38,BarkWeb - Unlimited Hosting with cPanel
39,Be Your Own Graphic Designer
40,Become a Digital Shop Owner on Etsy
41,Beesbusy
42,Belkins Email Deliverability Playbook
43,Benchmark App
44,Benifit
45,BerryCast
46,Better Sheets
47,Billin
48,Biolinks.app
49,Birthday Wisher
50,Biyo Point of Sale
51,Blakify Text-To-Speech
52,Blogely
53,BlogPassport for WordPress
54,Blurweb App
55,Boei
56,Book Like a Boss
57,Boost
58,BounceCast
59,Brainy HR
60,Branded Link Shortener
61,Brandy
62,Breakthrough Journaling‚Ñ¢ Online Course
63,Brindle Booking | WordPress Appointment Scheduler
64,BTweeps - The Only Safest Twitter Automation Solution
65,BugBattle
66,BugReporting
67,Burner Mail Premium
68,Business & Marketing Strategy Masterclass
69,Calendar.online
70,Callback Tracker Annual
71,Canva Masterclass - From Beginner to Designer
72,Canva Printable Mockup Templates
73,Captain Data
74,CardClan
75,Carousel Designer
76,ChallengePad
77,Chaos Control
78,Chartmat
79,Chat Survey
80,ChatFox
81,CheatLayer
82,Classtra
83,Click2Contact App - Chat Widget
84,Clickmajic Background Removal
85,Clientjoy
86,Clinked
87,Clockster
88,CLOSEM
89,CloudPages - WordPress Server Manager
90,CoinStats - Crypto Portfolio Manager
91,Collections by BIGVU
92,Coming Soon & Maintenance Mode
93,Command Codeless‚Ñ¢: No-Code Fundamentals
94,ConectoHub
95,ContentForge
96,ConvergeHub
97,Course in a Box
98,"CourseFunnels - Course, Funnels & Marketing"
99,Covve Scan
100,Creative Tim
101,Crello
102,Crikle
103,Crove
104,CrozTop
105,CTO.ai Insights
106,Cuttles
107,CVViZ
108,CXDeployer
109,DarkLup - WordPress Dark Mode Plugin
110,DataMask - blur Chrome extension
111,Decktopus
112,Designer Logo Kit
113,DesignPopo Canva Templates Premium Membership
114,DeskCove Employee Time Tracker
115,Deskera
116,Digital Dojo's Advanced Course in Digital Marketing
117,Digital Marketing Toolkit
118,Divjoy
119,DocPro
120,Domain Book App (Mac)
121,DoneDone
122,DoneMaker
123,doopoll - Create brilliant surveys. Show realtime results. With zero fuss.
124,Dope.Link
125,DottedSign
126,Doubletick for Gmail
127,Dowork.ai
128,DVE - Build Your Growth Engine Program
129,DynaPictures
130,Easy Social Feed
131,Elements Ready Elementor Addons
132,Elite Licenser
133,Email List Validation
134,Email Warmup
135,EmailBadge
136,Entrepreneur Media Profile - Long-form Interview + Micro Podcast Published and Syndicated
137,EpicPxls
138,Eventmie-Pro
139,EWWW Image Optimizer
140,EZBilling360 Annual
141,Facebook & Instagram Ad Domination
142,Facebook Ads Masterclass
143,Family Wellbeing
144,Fast Video Cataloger
145,FastQR.Shop
146,FeedbackLink
147,FeedBear - Plus Exclusive
148,FeedBear
149,Filestar for Windows
150,findmassleads
151,FindNiche
152,Flaash.me
153,FlexClip
154,FlowyTeamüöÄGrow-Engage-Track
155,Flutin Live
156,Form Engineer Platinum
157,Formcake
158,Formly - Forms & Surveys (Typeform/Jotform alternative)
159,Foundation Course in IoT (Internet of Things)
160,Friend Connector
161,Froged
162,Frontendor
163,Funden
164,Gaining Visibility + Momentum Through Facebook Ads
165,Gantt.io
166,GDPR Tracker
167,Generated Photos
168,GeoZilla
169,Get Approval to Work From Home [Digital Book]
170,Get Voice Artist - Text to Speech
171,Getscreen.me
172,Gigrove
173,Gizmo by Gamify
174,GlobalPatron
175,Glorify
176,GoBio.Link
177,GoBrunch
178,GoCopy
179,God Tier Ads Performance Framework
180,GoodApp
181,GoodFlow
182,Google Ads Beginner to Advanced Masterclass
183,Graphue Presentation Templates - Plus Exclusive
184,Graphue Presentation Templates
185,Group Collector - Plus Exclusive
186,Group Collector
187,Groups Pro
188,Grow Your Podcast Audience - Plus Exclusive
189,Grow Your Podcast Audience
190,"Guest Blogging In A Box: The Complete Blueprint For Bloggers, Personal Brands and Business Owners"
191,Gyana
192,"Habit Hero: Your Business, Fitness, Mindset Coach & Accountability Partner"
193,HashtagsForLikes
194,HelpSpace - Simplify Your Customer Support
195,Hexomatic
196,Hey Oliver
197,Heyzine Flipbooks
198,Hide My WP Ghost by Squirrly
199,HostMaria
200,How to Do LinkedIn Outreach in 2021
201,"How to Make a $1,000 a Month Business Course"
202,HR Partner
203,Hushed Lifetime Phone Number
204,HWelementor Templates
205,Hy.page
206,HyLyt - Premium / Enterprise plans
207,If-So Dynamic Content
208,Image Storage Plan
209,ImageColorizer
210,Inbound Email Marketing Folderly Ebook
211,INBOX
212,IndexJet
213,Ingimage
214,Inksprout - AI Social Media Summarizer
215,InstaKamu - #1 Instagram Growth Assistant
216,intelli.tv
217,Internxt
218,Introduction to Robotics Course
219,InviteReferrals
220,Invoice Crowd
221,Invoice Ninja
222,"ioAudio ""Web app to create personal, podcast-like streaming audio"""
223,iPhotographyPS Digital Artistry Course (3 Course Bundle)
224,James AI
225,Jepto
226,Jumppl
227,Kali Forms
228,KamuSEO - The Ultimate SEO Tool to Rank #1!
229,KamuSites - No-Code Drag & Drop Website Builder üßëüèª‚Äçüíªüåê
230,Kidpofy
231,KillerPlayer
232,KingSumo
233,KIRIM.EMAIL
234,"Klaviyo Masterclass - Email Marketing Campaigns, Flows & Automation - Beginner to Advanced"
235,KonnectzIT
236,KPIBees
237,Kroma.ai
238,Kuiqlink
239,LabiKnow
240,Labrika
241,Landing Page Hot Tips
242,Launch & Market Your Online Course
243,Lead Magnet & eBook Canva Template Pack
244,Lead Magnet That Convert (In 2021)
245,Lead Scrape
246,LeadDelta - Plus Exclusive
247,LeadPal
248,LeadScripts+ - Plus Exclusive
249,LeadScripts
250,LeaveWizard
251,Life Changing Mental Models- A collection of 20 simple-yet-powerful Mental Models to help you make decisions in life.
252,Linguix
253,Link Whisper: A Smart and Powerful Way to Build Internal Links in WordPress
254,Linked Assist
255,Linked Booster
256,LinkHelp
257,Linkjoy
258,LinkTube
259,LiveCaller
260,LiveWebinar
261,Logic Sheet
262,Mad Ader
263,MaestroCR
264,Mail Backup X for macOS & PC
265,Mail Merge Toolkit for Outlook
266,Mailman
267,Mailmeteor: Mail Merge for Gmail
268,Marble
269,Marketers Delight
270,Marketing Toolkit
271,Metricool
272,Million-Dollar Email Templates 2.0
273,Mobile Shop App (Android + iOS)
274,Mobile Videomaking
275,Modules Composer - Online Email Builder
276,MoovBuddy
277,Morphio
278,Multimedia5 Annual Starter Plan
279,MYFUNDBOX Subscription Billing
280,nichesss
281,nila.tech
282,No Code MBA
283,No-Code MVP
284,Notetracks Pro
285,Notion PM
286,NOYSI
287,Nudgify
288,OneHash CRM
289,OneOffice
290,Online Sales Pro
291,Onlive
292,Onsite - Targeted Onsite Notifications
293,OnTask
294,OnWhatsApp
295,Optinly
296,Osmos
297,Other Perspectives
298,OUTPRFRM
299,Overlay
300,Paced Email
301,Pagemaker
302,Password-less Customer login
303,Pathfndr - Your Personal Travel Site @ B2B Prices
304,Paypersafe
305,Peoplebox
306,Perfect Recall
307,Phonesites
308,photokit
309,Picmaker
310,Pinflux - Best Pinterest marketing and automation tool
311,Pivony
312,PixTeller Annual
313,Plai
314,Playhunt
315,PLRLIME- Digital Products With Resell Rights
316,Podcast Pitch Kit
317,Podsite
318,Poll Guru
319,Poppin
320,Popupsmart
321,Post Filter
322,Postpace
323,PowerPoint Video Templates for PPC Ads from VidBazaar
324,Predis.ai
325,Prelo
326,Premium Graphics for Design of Logotype
327,Probooking
328,ProveDirect - Social Proof APP
329,Proven.ly
330,PublishDrive
331,"Pushfy - Boost Your Conversions & Increase Leads, Sales with our notification widgets"
332,Putler
333,Qlearly
334,QR.io
335,QuickPop | WP Popup Builder
336,QuickReviewer Annual
337,Quirk Growth Plan - Online Business Growth Course
338,QwikBanners
339,Readitfor.me
340,Ready to Use Agreement Templates for Website Owners & Entrepreneurs
341,Recommendly
342,RecordJoy
343,ReMasterMedia
344,Reoon YellowPages Scraper
345,Repuso
346,Resoume
347,Ribbet - Photo Editor - Plus Exclusive
348,Ribbet - Photo Editor
349,Rize - Your Personal Productivity Tracker
350,Rize: Your Personal Productivity Tracker - Plus Exclusive
351,Robomotion RPA
352,Rocket Realtor
353,"Rootpal Cloud | Storage, Mail, and more."
354,Rootpal
355,RTILA - Growth Hacking & Marketing Automation Software
356,Rymotely - Everything You Need To Run Your Small Business
357,Rytr
358,Sales.Rocks
359,Salonist
360,Samdock
361,SaneBox - AI for your email
362,Say What?! Email Templates for Service-Based Businesses
363,ScreenToVideo
364,Screpy
365,SearchIQ
366,Sell Your Services with Live Streaming
367,SendFox
368,SendSimple App
369,Sertifier
370,ShareDocView.com - Plus Exclusive
371,ShareDocView.com
372,SheerSEO
373,ShortySMS
374,Sidekick Ai - Plus Exclusive
375,Sidekick Ai
376,SimilarMail
377,Simple Social Buttons
378,Simplified
379,SiteGuru
380,SleekBio
381,SliceWP
382,slyText
383,Smart Quiz Builder
384,SnapDownloader - Best Video Downloader
385,Social Media Canva Template Bundle
386,Social Web Suite
387,SocialBook Builder
388,SocialNowa Chatbot
389,SocialQ+
390,Sociamonials
391,SOUNDRAW
392,Soundwise Essentials Plan
393,Sparrow
394,SpeedPPC
395,Splitstack
396,Spoke
397,Spott Kickstarter Plan
398,SquadPal - The Team App
399,SSEOZI: Your Professional SEO & Web Analyzer Tools
400,Stackby
401,StartHost Unlimited SSD Hosting - STANDARD PLAN (10 WEBSITES)
402,Sticky Notes Pro - Quickest Note Taking For Your Browser
403,StockUnlimited
404,Streamr
405,Sumizeit
406,Supercharge Your LinkedIn Profile
407,Swell
408,Switchy
409,tabExtend
410,TabsFolders
411,Tactful Cognitive Helpdesk
412,Tada
413,Tailwind.ws - TailwindCSS Drag-and-Drop Template Builder
414,Talking.Network Text to Speech Powered by AI
415,Taplink
416,Taskomat
417,TextSniper - OCR Simplified
418,The 7-Day Rainmaker Email Sequence
419,The Graphics Creator- Online
420,The Hottest Trend for 2021: Digital Planners
421,The Link Chest by SEO Buddy
422,The Power of Storytelling: 8 Marketing Lessons from Bozoma Saint John
423,"The Professional 70,000+ Graphic Asset Bundle"
424,The Ultimate Podcast Planning Checklist
425,The Viral Content Templates‚Ñ¢- 100+ Social Media Canva Templates That Are Proven To Go Viral
426,Thrive Anywhere Lead Magnet Library
427,TidyCal
428,TimeSync
429,TopicMojo
430,Trackabi
431,Trafft
432,Translit RSI
433,Transparency Report
434,Traverse.link
435,Trend Watchers
436,TruConversion
437,Tuberank Jeet - Optimize & Rank Your YouTube Videos
438,TYKR
439,typedesk
440,Typehut
441,Uclic
442,Ultimate Guide to Finding and Hiring an Agency
443,Underground Copywriting Toolkit
444,Unicorn Platform
445,Unimation Media
446,Unlimited Business Leads
447,Unlimited WordPress Hosting
448,Unspam.email
449,Updigital Speech Synthesis Software to Create Human-Like Voice Over Content
450,UptimeAudit.com - Uptime Monitoring & Status Pages
451,UrbanPLR- World's Largest Collection Of PLR Products
452,uSchema
453,UseSQL
454,utobo
455,UUKI
456,Vadootv Player
457,Vershd - Plus Exclusive
458,Vershd
459,Vidds.co
460,Video Calling API
461,Videoseeder - Auto upload & auto share your video on multiple platforms
462,VidJuice UniTube
463,Vidstep
464,VidTags - Plus Exclusive
465,VidTags
466,Vidthere Annual
467,Vidtoon 2
468,Virtual Backgrounds for Video Conferencing
469,Vizologi
470,Vmaker
471,Vocal
472,Voicely - A.I Text to Speech
473,Vollna
474,VStat - Web Traffic Analysis and marketing prospecting tool
475,Watermarkup
476,Way
477,WebSmith.Digital Website and Landing Page Builder
478,WhatsApp Widget | Capture more leads
479,Wisecut
480,WooCommerce Sticky Cart
481,Woorise
482,Word of Mouth BOT
483,WordHero - AI Content Writer
484,WordProof - Hobby Plus
485,WP 301 Redirects
486,WP Scheduled Posts
487,WP Simple Author Box
488,Wp Social
489,Writecream
490,Wyzebulb
491,Xplorify
492,Yay Images
493,YeetDL
494,YouPost - video to article converter
495,Zen Flowchart
496,Zen Mind Map
497,Zero to Hero
498,Ziggeo
499,Zigma Social
500,Zion Builder
501,Zlappo
502,Zoptiks
